id,uuid
6172,cd140416-f8a4-4e89-bd2f-8107ee5d1ef1
6174,f5800322-6e90-4c16-8191-b660a3b6375e
6182,6c520695-5441-4dc8-89c9-1e727fbb4e3f
6183,f6d12306-25c8-4119-9193-10e4b0de7f58
6184,a9c6a1ad-e085-4496-a8b7-8b340fc8a29d
6181,6d1ad687-c3b6-46a5-abec-8384aec18312
6188,aca2d900-7f74-4a05-b4ee-22ec14e9b5c8
6190,6a304134-0843-4115-89f7-461c442668d0
6194,18067b86-536d-4ad8-b982-f3708d2e22a0
6196,463c0dc8-2f31-4a84-9a9f-8518684c8a63
6198,8373a3d9-7032-4d79-af1b-0f1daf8b3974
6202,69195d8f-9f20-4ecc-b87f-ecb6dee80942
6683,e70a7a2b-ac7d-4ce0-a8ef-6be8aef0de77
6204,25ecbdaa-25b9-4c16-87d3-f7c10d7da112
6208,d810bc3b-ebb2-41d9-85bf-b724c360fd50
6210,3515787c-9928-4efa-a410-f9e7f4799722
6216,0dfb8cbd-f1af-4ec9-94e7-fa94cc0bec21
6218,0f76190b-487d-4c20-95e9-780dcca88542
6220,649b386a-ad2b-41a4-9951-ad45c9c2a3ab
6222,89593a34-efd4-4e79-9545-f3d494a9b244
6224,8c96937d-883b-486c-af7f-c240f4e90339
6226,d32d7c2d-bb9a-4fb9-bc87-ae36c8c8fb80
6228,8fbe0548-ef12-4260-8dec-83d68ec42752
6230,5edbc7c9-18ad-4839-9452-6f085ec9daa5
6232,37655e25-ad15-4106-8ecc-b0a2b3e08395
6236,bb99a663-f17d-4d23-859e-3581e45aff16
6238,f776606b-0a27-4834-bee9-2b181ccb8ca9
6240,7c2c51f3-5a2b-4571-a26e-621189a14f47
6246,0d5e76df-2a16-41b2-b9dd-ffd2e6ed179a
6248,c0451d98-f730-4758-8dca-4be9e8fc750f
6254,fa1f69f2-329e-450a-952d-b648cb8bd1c6
6256,7d939bb5-fd6e-4ddf-ae6a-31683f6c715e
6258,2c4ecba7-baed-46b9-b8e3-d8618020d784
6260,fcc19e62-ce5c-40e8-8910-0df525180456
6262,e8314715-b778-4885-95c7-922777d2fef2
6264,3212e57d-0f4c-4e34-a6b0-f1cbe3d58e64
6266,21c3d8db-26d5-4430-8815-fe027112fb96
6268,d7852d23-1000-4933-9b76-736cc7d3a735
6272,43575869-30ad-43e3-b7b8-37c3e01ececa
6274,5a6fd4f5-238b-4eed-9f52-2da1d5d928fc
6276,48cdefef-7901-447c-b6d0-fcda78ae6347
6278,e8a01792-4541-4904-9243-2138b36ebbc3
6282,1f5a1b6d-c23c-4b3d-bb9d-986b5d49bf2e
6284,50b4f28c-f06e-49fc-8e3c-4c53b06181fd
6290,f6bdf660-b355-4516-8ae0-d59b37079e56
6292,6b5c9949-3dd9-436b-8ac4-7677945b7baf
6296,78f5af88-8b0c-488b-873e-6a3897ac3542
6298,30050966-a733-443a-a20d-bddb83523f47
6300,25d832a2-66b3-400f-90e4-100554522c30
6302,209644b9-80f4-42af-82d4-77e5bb693b65
6308,2cac6c43-eded-47eb-8cf3-2aee8447f7df
6310,86f0931a-c8f6-4769-bfb6-ef67c298c68e
6312,570e2fd3-043f-4076-962a-8c2041147fee
6316,f456e989-652a-46a5-8dec-fa3ed59cc9f2
6318,efd075da-68cb-430e-8065-0c6e73ed64c9
6322,8a4af210-ad10-4e48-935d-c81f4415d480
6324,5b7f9e64-c42d-4cab-818e-900b93b7b555
6326,f57c4c0e-af2f-4812-ac7f-e06853079811
6332,36058c6b-8e41-4ff7-9c29-04bf99fd29c5
6681,ab2a4aef-bede-49cb-a9aa-7ab5d0d7ac04
6669,7fc8cdd1-130c-4df2-a49a-71c6740c502b
6334,baf259af-5217-44e3-a362-d5fe15c9edf5
6336,f887e063-3a6f-4e38-b34f-1eb517dd077a
6740,9aae037b-d994-45ba-8a61-0af6f8c65914
6338,5cfc0daf-6585-4789-b987-6b3dadd9be08
6344,fa87d7aa-8a9e-443e-bedf-ddf139df7f9b
6346,c6934b9c-3fa6-4521-b886-d146d29c792f
6350,b47da2a0-af1a-4217-ae94-101f65287397
6352,fcf248a5-2742-4719-8135-e02837800846
6354,71ae5b55-3e5c-4c8d-b058-6e852b70f283
6356,cd9124f1-7154-4e58-9722-47b3946f76b9
6358,073a77b4-82ff-402e-8c49-65cdf513ab63
6360,6e03c27c-4793-4abe-a0c7-77c6a0a574df
6364,2fa689c9-9101-45ed-b0d9-ac02be190ea0
6366,639969a0-bb68-406e-ae12-37eacd23a3e0
6368,8d123ac6-f06e-47e7-bf1c-28f60ee4ab56
6387,0626343e-7e63-45fa-8ee9-892703c89860
6389,b951ca36-8dd6-4ce7-a181-9be4c37a2a4b
6391,69e18eef-1b78-4b41-9183-f5cd2ad64c66
6393,b1dd20c2-1760-4c5b-81f4-0e54b1d3cc85
6395,05fd28ec-26a2-49e1-bfd5-535fac65798d
6398,792ecafa-2061-45d8-975b-50534c73c185
6400,9c401840-738e-420c-9f1f-34ee40d28ca0
6404,87983b26-9436-4b6b-aea2-474eef473053
6406,0b9a5601-cc05-437e-b86d-a9945e248a25
6408,d407055e-beea-4487-a649-021d4f8b4ec2
6410,3882f00c-c759-4f95-8a7d-9901279604ba
6412,3d122970-e8cf-4c55-9d6f-c8c58c3b6540
6414,1dd782d4-a4b9-41d4-9f65-524b47e0c37b
6416,6bbad636-12cd-42fd-a698-866353a88994
6679,a0b81e79-8031-49e9-b341-22d576bd442d
6420,ba6767cc-61cd-415c-bbd5-aeaea4bee0f7
6422,705674d6-9d54-414c-8c56-b5e78b8d68ab
6424,1bc4dcab-5f24-4d61-a752-9489254a547d
6428,581fb536-2868-4b16-9a15-9cc26e771efc
6432,d438bdb9-6ec4-4208-93e8-d18b69b9602b
6434,af00934f-2a62-4c46-8613-9674475fb1b8
6436,b48d06c4-ed06-4535-9bf4-3b1f8590c43e
6440,a3cfbba8-a2a3-4328-ba66-31bca5a6d653
6442,56356b3d-2393-4d07-8097-60e8720cb23e
6671,b3700975-124a-477c-89f9-6711f4e05c97
6446,430fc1a7-6388-40ed-a297-aa87f9045c67
6452,1bf11030-bb39-49ae-8956-e91b010ceb7c
6454,d5f43c78-38fb-4b9b-a33c-d1e596f33c48
6456,3f687caa-6cbd-4d94-80f2-1fb8e1d70d81
6458,cb579388-b90c-4692-bdf1-3d1b01291ff4
6460,f34a700e-c25e-49e0-a3bb-72d139a230f4
6462,7edbebac-3193-4cdb-80a1-a8fcb9583bc2
6464,e08f91f3-247d-45be-9791-eee69c054beb
6468,8da80b30-d5c1-492d-b85d-a6481503a099
6470,5848201d-6b21-468d-be1b-f1ea599c93ea
6474,b65956bb-02f6-4fcf-b69a-57cec18bef3f
6476,10e9baca-6d6d-48ad-9d8e-e394023fcb40
6478,9cc16eeb-4839-47eb-b7f5-97199d9844fd
6480,ccae2b12-e78e-4cb0-abab-6e6a3044650b
6484,c9f72f69-f607-4384-a67f-82f08a9b7686
6486,b6d5b126-406b-4294-a607-29c720b71015
6488,2c1433ac-4d88-4fd9-a39c-de24dc4721da
6673,bc87110a-4d1d-457b-9423-fa267ec443fd
6490,2e703cd4-03b9-4529-87ee-aba2140f84d7
6494,2277fe6e-8b93-4c83-898c-46032cfeaaa5
6496,2f9d63f4-d1ed-429b-8c08-de836afd9d29
6498,41a51be7-368f-452e-84c1-699540f6a111
6500,6880a7b8-d875-4d1c-83bd-aede50e188ba
6502,4b2df4eb-ba75-4fae-81cf-98da384ff149
6504,c2753611-9774-4d2f-9f05-7d77b2d0d986
6508,f67d7ef1-8f66-464f-b9f0-18d1b9c2932a
6510,b39b170e-c1db-4628-8c59-9336c05dac34
6516,03d39f9d-24fb-4776-99b5-c150a4fdeb85
6518,6cff2dd3-0035-460e-b72b-ba6808c5c5ea
6520,b5d4c489-7984-4d32-b25e-7a6a86aa2933
6524,96fa9c0e-79e8-489a-9ea2-ebe6f5526136
6687,ed139b6a-71a7-4e25-9e60-b7aced820b4a
6526,bca2c10a-0970-4620-83a6-c48de63c89ee
6528,0c0f25a4-091e-4ea5-ae38-24d20c01f94f
6530,a1629dea-e112-47c2-8596-cc9fc0b10b00
6532,05772656-4704-445c-b8ae-e5949824f1d2
6534,5f79a14d-1504-426a-9361-0aadb9224b35
6536,07a569a1-7bdf-4694-b92f-052a65bf2087
6737,2ef880f2-7fb7-4119-a81b-bab7512fea65
6540,24aae48c-e3f5-40f0-81c9-48545f4728b9
6542,84674716-3ea8-46f0-bef4-8bcca9d569e9
6675,87d42ce4-896d-4e6b-a62b-20aff62efe58
6685,a7fef2ec-c493-4d6b-9c21-a1297d5afd47
6544,37480ddf-6ff0-4dba-93c0-d55e8ec4a6c0
6546,8250a692-c2ae-4e79-8bca-cea7abdd84f1
6548,6cf17a02-2dea-4469-b19e-e74fa3e4203d
6754,030b7ded-919b-4d97-86e1-06cdc92346cf
6677,fe00c20d-b281-42d8-a088-4104de56f419
